epoch,epoch_loss,lie_loss,lmi_loss,eta_loss
0,30973.797060258803,1.3661858103142244e-13,-397.27556462293154,0.0
